,cbf,item-item,mf,perbias,user-user
0,0.3611111111111111,0.7222222222222222,0.1111111111111111,0.05555555555555555,0.8888888888888888
